solar_ref_id,lat,long,state,postcode
AUS_SOLAR_REF_000,-27.832196,114.852437,WA,6535
AUS_SOLAR_REF_001,-32.239696,151.685456,NSW,2420
AUS_SOLAR_REF_002,-36.515303,144.28053,VIC,3570
AUS_SOLAR_REF_003,-20.79424,144.218437,QLD,4821
AUS_SOLAR_REF_004,0.0,0.0,NT,852
AUS_SOLAR_REF_005,-27.089517,152.321536,QLD,4313
AUS_SOLAR_REF_006,-35.147923,138.552209,SA,5163
AUS_SOLAR_REF_007,-11.75841975,130.6254299,NT,822
AUS_SOLAR_REF_008,-42.304288,146.958381,TAS,7030
AUS_SOLAR_REF_009,-31.526755,118.167797,WA,6414
AUS_SOLAR_REF_010,-26.32008739,138.9717811,SA,5733
AUS_SOLAR_REF_011,-36.09357335,147.0344634,NSW,3691
AUS_SOLAR_REF_012,-21.949513,131.298809,NT,871
AUS_SOLAR_REF_013,-17.786658,146.021722,QLD,4855
AUS_SOLAR_REF_014,-33.233929,149.116263,NSW,2800
AUS_SOLAR_REF_015,-22.141251,117.057776,WA,6751
AUS_SOLAR_REF_016,-23.279639,150.885772,QLD,4702
AUS_SOLAR_REF_017,-32.12303469,115.8928346,WA,6164
AUS_SOLAR_REF_018,-30.39010496,138.5050129,SA,5731
AUS_SOLAR_REF_019,-9.584901,143.769211,QLD,4875
AUS_SOLAR_REF_020,-38.301794,142.457611,VIC,3275
AUS_SOLAR_REF_021,-34.437229,150.818904,NSW,2525
AUS_SOLAR_REF_022,-26.73282,148.690231,QLD,4455
AUS_SOLAR_REF_023,-38.460127,145.995174,VIC,3953
AUS_SOLAR_REF_024,-20.808597,149.271699,QLD,4741
AUS_SOLAR_REF_025,-30.40364,122.683881,WA,6431
AUS_SOLAR_REF_026,-29.320772,153.271074,NSW,2460
AUS_SOLAR_REF_027,-32.69008918,137.7541107,SA,5700
AUS_SOLAR_REF_028,-18.45128815,137.6072968,NT,862
AUS_SOLAR_REF_029,-34.438738,115.860627,WA,6260
AUS_SOLAR_REF_030,-37.743361,144.796693,VIC,3021
AUS_SOLAR_REF_031,-30.619798,148.96949,NSW,2356
AUS_SOLAR_REF_032,-35.275863,149.113796,ACT,2601
AUS_SOLAR_REF_033,-16.4525888,130.8418661,NT,852
AUS_SOLAR_REF_034,-32.282716,133.582274,SA,5690
AUS_SOLAR_REF_035,-34.58811707,140.8864801,SA,5311
AUS_SOLAR_REF_036,-26.9661,133.308,SA,872
AUS_SOLAR_REF_037,-12.169719,96.83152,WA,6799
AUS_SOLAR_REF_038,-17.090606,124.591962,WA,6728
AUS_SOLAR_REF_039,-24.860668,150.975499,QLD,4630
AUS_SOLAR_REF_040,-34.313241,146.841533,NSW,2665
AUS_SOLAR_REF_041,-27.652403,153.174214,QLD,4128
AUS_SOLAR_REF_042,-19.27139928,146.7141039,QLD,4818
AUS_SOLAR_REF_043,-37.020122,149.220453,NSW,2632
AUS_SOLAR_REF_044,-41.177924,146.783947,TAS,7270
AUS_SOLAR_REF_045,-37.927953,140.719634,SA,5291
AUS_SOLAR_REF_046,-37.457785,143.343429,VIC,3373
AUS_SOLAR_REF_047,-23.649656,146.641074,QLD,4724
AUS_SOLAR_REF_048,-29.985367,151.265077,NSW,2369
AUS_SOLAR_REF_049,-30.205908,145.251371,NSW,2840
AUS_SOLAR_REF_050,-16.923761,145.742303,QLD,4868
AUS_SOLAR_REF_051,-33.812636,151.214797,NSW,1560
AUS_SOLAR_REF_052,-25.07645,151.78942,QLD,4671
AUS_SOLAR_REF_053,-36.57669756,142.3388059,VIC,3401
AUS_SOLAR_REF_054,-34.362864,118.657118,WA,6338
AUS_SOLAR_REF_055,-24.734545,115.15198,WA,6701
AUS_SOLAR_REF_056,-34.766049,142.820973,VIC,3549
AUS_SOLAR_REF_057,-35.15635681,136.4660851,SA,5606
AUS_SOLAR_REF_058,-20.72557467,139.4927075,QLD,4825
AUS_SOLAR_REF_059,-38.035548,147.084398,VIC,3851
AUS_SOLAR_REF_060,-26.168944,125.733157,WA,6440
AUS_SOLAR_REF_061,-41.044472,145.804533,TAS,7322
AUS_SOLAR_REF_062,-30.37491129,153.0171326,NSW,2450
AUS_SOLAR_REF_063,-37.210538,145.687889,VIC,3714
AUS_SOLAR_REF_064,-28.16725871,151.9649109,QLD,4370
AUS_SOLAR_REF_065,-23.71393895,133.8740968,NT,870
AUS_SOLAR_REF_066,-30.170441,142.203381,NSW,2880
AUS_SOLAR_REF_067,-14.6604,143.3735,QLD,4892
AUS_SOLAR_REF_068,-26.153831,152.616943,QLD,4570
AUS_SOLAR_REF_069,-33.223445,121.682321,WA,6446
AUS_SOLAR_REF_070,-34.61979422,139.0409757,SA,5235
AUS_SOLAR_REF_071,-18.251528,134.463153,NT,861
AUS_SOLAR_REF_072,-26.7374198,150.7457441,QLD,4413
AUS_SOLAR_REF_073,-35.586342,145.52068,NSW,2713
AUS_SOLAR_REF_074,-33.83319,116.972036,WA,6394
AUS_SOLAR_REF_075,-25.639378,118.554936,WA,6642
AUS_SOLAR_REF_076,-31.94273878,140.5801933,SA,5440
AUS_SOLAR_REF_077,-12.21424182,136.7083085,NT,880
AUS_SOLAR_REF_078,-32.760486,150.972137,NSW,2330
AUS_SOLAR_REF_079,-33.409359,135.02078,SA,5670
AUS_SOLAR_REF_080,-23.790711,143.402522,QLD,4730
AUS_SOLAR_REF_081,-38.521903,143.712384,VIC,3236
AUS_SOLAR_REF_082,-27.258572,145.655744,QLD,4489
AUS_SOLAR_REF_083,-31.927892,146.615174,NSW,2831
AUS_SOLAR_REF_084,-30.912266,116.252618,WA,6509
AUS_SOLAR_REF_085,-35.671272,150.125945,NSW,2536
AUS_SOLAR_REF_086,-35.227753,147.923797,NSW,2729
AUS_SOLAR_REF_087,-36.61323,139.937126,SA,5275
AUS_SOLAR_REF_088,-35.767974,143.769445,VIC,3579
AUS_SOLAR_REF_089,-31.046117,150.199154,NSW,2380
AUS_SOLAR_REF_090,-31.07746184,135.2169185,SA,5719
AUS_SOLAR_REF_091,-29.327323,115.098073,WA,6525
AUS_SOLAR_REF_092,-21.017327,137.432341,QLD,4825
AUS_SOLAR_REF_093,-43.23333,147.098032,TAS,7112
AUS_SOLAR_REF_094,-33.820797,149.474401,NSW,2795
AUS_SOLAR_REF_095,-32.933305,151.651095,NSW,2285
AUS_SOLAR_REF_096,-23.02992213,148.2009804,QLD,4723
AUS_SOLAR_REF_097,-31.387394,152.466916,NSW,2446
AUS_SOLAR_REF_098,-34.061253,137.862942,SA,5552
AUS_SOLAR_REF_099,-20.710799,118.441716,WA,6721
AUS_SOLAR_REF_100,-32.553282,148.989227,NSW,2820
AUS_SOLAR_REF_101,-27.576308,151.852689,QLD,4350
AUS_SOLAR_REF_102,-17.741867,141.185062,QLD,4890
AUS_SOLAR_REF_103,-33.42581736,150.9487827,NSW,2775
AUS_SOLAR_REF_104,-18.773365,122.753792,WA,6725
AUS_SOLAR_REF_105,-33.802932,138.582681,SA,5453
AUS_SOLAR_REF_106,-37.866786,145.350888,VIC,3787
AUS_SOLAR_REF_107,-28.547307,153.432398,NSW,2482
AUS_SOLAR_REF_108,-26.16295046,130.1149452,SA,872
AUS_SOLAR_REF_109,-32.39502,123.744186,WA,6443
AUS_SOLAR_REF_110,-33.032688,119.098339,WA,6355
AUS_SOLAR_REF_111,-30.361305,119.311267,WA,6426
AUS_SOLAR_REF_112,-34.902512,117.158861,WA,6333
AUS_SOLAR_REF_113,-11.33852,142.465399,QLD,4876
AUS_SOLAR_REF_114,-28.228906,150.321016,QLD,4390
AUS_SOLAR_REF_115,-12.71878122,131.0067348,NT,838
AUS_SOLAR_REF_116,-10.487053,105.64067,WA,6798
AUS_SOLAR_REF_117,-36.01137124,147.9646879,NSW,2642
AUS_SOLAR_REF_118,-43.027742,147.848028,TAS,7187
AUS_SOLAR_REF_119,-33.95654968,139.7793619,SA,5320
AUS_SOLAR_REF_120,-33.728945,115.302732,WA,6280
AUS_SOLAR_REF_121,-33.476768,147.811688,NSW,2871
AUS_SOLAR_REF_122,-18.40885569,126.7424652,WA,6770
AUS_SOLAR_REF_123,-34.911523,138.584497,SA,5006
AUS_SOLAR_REF_124,-27.467217,134.430044,SA,5710
AUS_SOLAR_REF_125,-32.708935,150.059088,NSW,2849
AUS_SOLAR_REF_126,-35.803421,137.924659,SA,5222
AUS_SOLAR_REF_127,-37.420588,143.88637,VIC,3363
AUS_SOLAR_REF_128,-24.325475,149.782526,QLD,4702
AUS_SOLAR_REF_129,-27.68492,119.409802,WA,6639
AUS_SOLAR_REF_130,-14.962686,128.397192,WA,6740
AUS_SOLAR_REF_131,-33.100172,136.318517,SA,5641
AUS_SOLAR_REF_132,-30.78247,121.504749,WA,6433
AUS_SOLAR_REF_133,-27.022484,152.858311,QLD,4512
AUS_SOLAR_REF_134,-31.68160313,138.7858802,SA,5434
AUS_SOLAR_REF_135,-22.133456,115.448968,WA,6710
AUS_SOLAR_REF_136,-29.131193,150.307886,NSW,2411
AUS_SOLAR_REF_137,-33.682661,115.888662,WA,6251
AUS_SOLAR_REF_138,-23.446826,151.917285,QLD,4680
AUS_SOLAR_REF_139,-23.329938,140.22124,QLD,4829
AUS_SOLAR_REF_140,-41.015197,148.026137,TAS,7264
AUS_SOLAR_REF_141,-31.651142,117.222062,WA,6407
AUS_SOLAR_REF_142,-36.688551,143.230699,VIC,3477
AUS_SOLAR_REF_143,-37.40606605,147.916566,VIC,3895
AUS_SOLAR_REF_144,-34.257669,144.695233,NSW,2711
AUS_SOLAR_REF_145,-20.465423,148.516317,QLD,4800
AUS_SOLAR_REF_146,-29.427879,138.049515,SA,5733
AUS_SOLAR_REF_147,-33.692534,150.587962,NSW,2777
AUS_SOLAR_REF_148,-29.818331,139.666239,SA,5731
AUS_SOLAR_REF_149,-31.55247,159.081217,NSW,2898
AUS_SOLAR_REF_150,-29.60129298,147.0599838,NSW,2839
AUS_SOLAR_REF_151,-14.195911,132.365352,NT,850
AUS_SOLAR_REF_152,-37.6391,141.365747,VIC,3312
AUS_SOLAR_REF_153,-33.466819,141.90794,NSW,2648
AUS_SOLAR_REF_154,-36.894465,146.256507,VIC,3723
AUS_SOLAR_REF_155,-33.189372,117.922069,WA,6351
AUS_SOLAR_REF_156,-34.863483,150.61644,NSW,2540
AUS_SOLAR_REF_157,-26.576904,151.522575,QLD,4610
AUS_SOLAR_REF_158,-19.785442,147.228085,QLD,4807
AUS_SOLAR_REF_159,-29.736171,151.869397,NSW,2370
AUS_SOLAR_REF_160,-21.126329,148.609682,QLD,4756
AUS_SOLAR_REF_161,-39.830946,144.159775,TAS,7256
AUS_SOLAR_REF_162,-36.177296,149.129166,NSW,2630
AUS_SOLAR_REF_163,-27.99380024,143.3368723,QLD,4492
AUS_SOLAR_REF_164,-37.978862,146.342932,VIC,3825
AUS_SOLAR_REF_165,-24.889395,146.399409,QLD,4478
AUS_SOLAR_REF_166,-28.440886,115.004595,WA,6532
AUS_SOLAR_REF_167,-31.333592,151.138322,NSW,2340
AUS_SOLAR_REF_168,-38.17277,144.389533,VIC,3219
AUS_SOLAR_REF_169,-33.930089,151.057799,NSW,2196
AUS_SOLAR_REF_170,-35.059334,147.351953,NSW,2678
AUS_SOLAR_REF_171,-41.237355,146.239406,TAS,7310
AUS_SOLAR_REF_172,-27.957654,151.103872,QLD,4357
AUS_SOLAR_REF_173,-34.43967074,148.4641719,NSW,2594
AUS_SOLAR_REF_174,-21.145063,116.349933,WA,6714
AUS_SOLAR_REF_175,-32.07687,147.838499,NSW,2823
AUS_SOLAR_REF_176,-36.786777,145.565512,VIC,3666
AUS_SOLAR_REF_177,-36.37708,145.125014,VIC,3618
AUS_SOLAR_REF_178,-30.19419562,117.8045997,WA,6472
AUS_SOLAR_REF_179,-18.028128,145.157257,QLD,4872
AUS_SOLAR_REF_180,-25.55725,148.589834,QLD,4454
AUS_SOLAR_REF_181,-25.640978,152.791302,QLD,4650
AUS_SOLAR_REF_182,-35.91677256,146.4627814,NSW,2646
AUS_SOLAR_REF_183,-19.214466,141.243755,QLD,4823
AUS_SOLAR_REF_184,-27.98728,152.523366,QLD,4309
AUS_SOLAR_REF_185,-34.726283,149.729215,NSW,2580
AUS_SOLAR_REF_186,-32.2197804,152.4166347,NSW,2428
AUS_SOLAR_REF_187,-27.967005,153.365576,QLD,4214
AUS_SOLAR_REF_188,-35.616408,142.943814,VIC,3531
AUS_SOLAR_REF_189,-33.187701,138.2130413,SA,5523
AUS_SOLAR_REF_190,-22.055582,120.282267,WA,6758
AUS_SOLAR_REF_191,-25.571054,151.644182,QLD,4625
AUS_SOLAR_REF_192,-29.36625,151.814675,NSW,2371
AUS_SOLAR_REF_193,-35.39199,141.121226,VIC,3512
AUS_SOLAR_REF_194,-34.71006283,146.3021114,NSW,2700
AUS_SOLAR_REF_195,-26.112408,151.870256,QLD,4605
AUS_SOLAR_REF_196,-36.737758,149.699222,NSW,2550
AUS_SOLAR_REF_197,-30.820157,125.672818,WA,6434
AUS_SOLAR_REF_198,-32.672797,134.37909,SA,5680
AUS_SOLAR_REF_199,-42.544215,146.45502,TAS,7140
AUS_SOLAR_REF_200,-35.492114,139.0336,SA,5256
AUS_SOLAR_REF_201,-30.493397,151.906153,NSW,2350
AUS_SOLAR_REF_202,-37.125338,144.21419,VIC,3451
AUS_SOLAR_REF_203,-35.357619,144.984378,NSW,2710
AUS_SOLAR_REF_204,-34.905438,117.863286,WA,6330
AUS_SOLAR_REF_205,-32.115,137.0666,SA,5715
AUS_SOLAR_REF_206,-42.877588,147.385681,TAS,7018
AUS_SOLAR_REF_207,-26.649074,149.773144,QLD,4425
AUS_SOLAR_REF_208,-28.418047,145.596265,QLD,4490
AUS_SOLAR_REF_209,-30.81816175,152.7955009,NSW,2441
AUS_SOLAR_REF_210,-34.51494,137.811541,SA,5571
AUS_SOLAR_REF_211,-25.912724,121.214907,WA,6646
AUS_SOLAR_REF_212,-39.949379,148.329247,TAS,7255
AUS_SOLAR_REF_213,-28.92786,152.749759,NSW,2470
AUS_SOLAR_REF_214,-28.645485,148.753584,QLD,4497
AUS_SOLAR_REF_215,-37.573978,142.312764,VIC,3294
AUS_SOLAR_REF_216,-16.230854,145.299094,QLD,4873
AUS_SOLAR_REF_217,-38.631942,146.815723,VIC,3971
AUS_SOLAR_REF_218,-33.2326994,116.7708935,WA,6392
AUS_SOLAR_REF_219,-36.988914,142.7154,VIC,3381
AUS_SOLAR_REF_220,-20.09048269,146.2505114,QLD,4820
AUS_SOLAR_REF_221,-36.70252045,140.7063031,SA,5271
AUS_SOLAR_REF_222,-25.8447,127.6841,WA,872
AUS_SOLAR_REF_223,-34.243279,142.100896,VIC,3501
AUS_SOLAR_REF_224,-32.445896,115.755289,WA,6175
AUS_SOLAR_REF_225,-23.2807675,126.954107,WA,872
AUS_SOLAR_REF_226,-16.503809,136.424191,NT,854
AUS_SOLAR_REF_227,-26.47801156,132.0252848,SA,872
AUS_SOLAR_REF_228,-28.777563,151.24801,QLD,4385
AUS_SOLAR_REF_229,-37.829752,145.049415,VIC,3123
AUS_SOLAR_REF_230,-31.44646535,149.2810155,NSW,2357
AUS_SOLAR_REF_231,-17.72028371,144.2385409,QLD,4871
AUS_SOLAR_REF_232,-32.685033,149.602925,NSW,2850
AUS_SOLAR_REF_233,-31.66545698,150.1491418,NSW,2343
AUS_SOLAR_REF_234,-41.456389,145.503726,TAS,7321
AUS_SOLAR_REF_235,-18.552533,146.49572,QLD,4850
AUS_SOLAR_REF_236,-38.44818,145.591284,VIC,3979
AUS_SOLAR_REF_237,-33.814887,146.667476,NSW,2669
AUS_SOLAR_REF_238,-27.464676,152.999039,QLD,4064
AUS_SOLAR_REF_239,-26.635087,152.917384,QLD,4560
AUS_SOLAR_REF_240,-22.580866,149.675382,QLD,4706
AUS_SOLAR_REF_241,-24.88776,152.297855,QLD,4670
AUS_SOLAR_REF_242,-37.39051,148.660943,VIC,3888
AUS_SOLAR_REF_243,-16.934184,145.994075,QLD,4871
AUS_SOLAR_REF_244,-34.321288,140.556181,SA,5343
AUS_SOLAR_REF_245,-37.826032,147.63201,VIC,3875
AUS_SOLAR_REF_246,-26.26329299,147.5374764,QLD,4467
AUS_SOLAR_REF_247,-17.384187,145.624143,QLD,4885
AUS_SOLAR_REF_248,-30.65609741,137.1683897,SA,5722
AUS_SOLAR_REF_249,-43.571087,146.524064,TAS,7109
AUS_SOLAR_REF_250,-32.248568,150.701949,NSW,2333
AUS_SOLAR_REF_251,-29.4494112,130.806497,SA,5690
AUS_SOLAR_REF_252,-34.41994907,135.6694704,SA,5630
AUS_SOLAR_REF_253,-33.208801,151.377213,NSW,2259
AUS_SOLAR_REF_254,-31.237406,115.82111,WA,6503
AUS_SOLAR_REF_255,-33.459192,145.479249,NSW,2675
AUS_SOLAR_REF_256,-29.77155683,133.9036619,SA,5719
AUS_SOLAR_REF_257,-31.955552,117.666205,WA,6384
AUS_SOLAR_REF_258,-18.8082,128.6014,WA,6770
AUS_SOLAR_REF_259,-33.15446058,138.7023315,SA,5491
AUS_SOLAR_REF_260,-34.595027,150.410978,NSW,2577
AUS_SOLAR_REF_261,-31.551822,145.406579,NSW,2835
AUS_SOLAR_REF_262,-30.466429,117.287007,WA,6470
AUS_SOLAR_REF_263,-17.293532,129.662008,WA,6743
AUS_SOLAR_REF_264,-30.1814995,150.3586846,NSW,2347
AUS_SOLAR_REF_265,-37.919937,145.945214,VIC,3821
AUS_SOLAR_REF_266,-22.449259,147.17431,QLD,4721
AUS_SOLAR_REF_267,-32.746224,152.193698,NSW,2315
AUS_SOLAR_REF_268,-30.22185073,152.6416587,NSW,2453
AUS_SOLAR_REF_269,-42.314526,148.281407,TAS,7215
AUS_SOLAR_REF_270,-40.782341,145.057623,TAS,7330
AUS_SOLAR_REF_271,-28.900034,121.092655,WA,6438
AUS_SOLAR_REF_272,-35.332477,142.425302,VIC,3489
AUS_SOLAR_REF_273,-37.330661,144.548846,VIC,3442
AUS_SOLAR_REF_274,-36.074144,141.538074,VIC,3418
AUS_SOLAR_REF_275,-34.641267,138.636537,SA,5117
AUS_SOLAR_REF_276,-31.973082,151.865806,NSW,2422
AUS_SOLAR_REF_277,-30.01165066,149.1501936,NSW,2386
AUS_SOLAR_REF_278,-22.810583,141.861769,QLD,4735
AUS_SOLAR_REF_279,-41.594913,146.815084,TAS,7303
AUS_SOLAR_REF_280,-27.79086937,137.6742761,SA,5733
AUS_SOLAR_REF_281,-23.73624214,145.2156326,QLD,4725
AUS_SOLAR_REF_282,-32.979123,117.306862,WA,6312
AUS_SOLAR_REF_283,-33.036339,137.277293,SA,5600
AUS_SOLAR_REF_284,-36.44,148.333,NSW,2624
AUS_SOLAR_REF_285,-34.321422,145.914625,NSW,2680
AUS_SOLAR_REF_286,-38.305806,145.136622,VIC,3915
AUS_SOLAR_REF_287,-22.265028,113.954791,WA,6707
AUS_SOLAR_REF_288,-12.533944,142.267938,QLD,4874
AUS_SOLAR_REF_289,-31.74718966,152.5759597,NSW,2430
AUS_SOLAR_REF_290,-31.896269,116.742895,WA,6302
AUS_SOLAR_REF_291,-22.026615,124.383893,WA,6760
AUS_SOLAR_REF_292,-25.377582,141.581266,QLD,4481
AUS_SOLAR_REF_293,-35.138155,143.346028,VIC,3594
AUS_SOLAR_REF_294,-32.823221,144.495401,NSW,2878
AUS_SOLAR_REF_295,-37.241401,145.111854,VIC,3658
AUS_SOLAR_REF_296,-20.777471,140.652531,QLD,4824
AUS_SOLAR_REF_297,-28.87101485,140.7244103,SA,5731
AUS_SOLAR_REF_298,-27.569679,115.72384,WA,6630
AUS_SOLAR_REF_299,-28.031524,147.47786,QLD,4488
AUS_SOLAR_REF_300,-27.003199,117.674648,WA,6640
AUS_SOLAR_REF_301,-34.312823,116.402179,WA,6258
AUS_SOLAR_REF_302,-25.765416,151.105529,QLD,4626
AUS_SOLAR_REF_303,-31.373201,147.785831,NSW,2824
AUS_SOLAR_REF_304,-24.367525,147.710806,QLD,4722
AUS_SOLAR_REF_305,-33.647362,117.738912,WA,6317
AUS_SOLAR_REF_306,-30.348514,115.640925,WA,6521
AUS_SOLAR_REF_307,-21.754127,148.569564,QLD,4742
AUS_SOLAR_REF_308,-28.612449,118.157573,WA,6638
AUS_SOLAR_REF_309,-28.056979,152.975131,QLD,4285
AUS_SOLAR_REF_310,-35.628428,149.752107,NSW,2622
AUS_SOLAR_REF_311,-36.25486,150.225372,NSW,2546
AUS_SOLAR_REF_312,-20.27407556,143.0473383,QLD,4822
AUS_SOLAR_REF_313,-31.498123,143.270562,NSW,2836
AUS_SOLAR_REF_314,-36.962316,147.063163,VIC,3741
AUS_SOLAR_REF_315,-27.548962,152.330088,QLD,4072
AUS_SOLAR_REF_316,-41.710417,146.165998,TAS,7304
AUS_SOLAR_REF_317,-17.956336,138.862024,QLD,4830
AUS_SOLAR_REF_318,-31.69444,115.845329,WA,6065
AUS_SOLAR_REF_319,-36.686814,146.313751,VIC,3732
AUS_SOLAR_REF_320,-33.539564,148.633991,NSW,2804
AUS_SOLAR_REF_321,-33.401152,122.211127,WA,6450
AUS_SOLAR_REF_322,-36.84799315,141.9194993,VIC,3409
AUS_SOLAR_REF_323,-25.382928,149.547307,QLD,4420
AUS_SOLAR_REF_324,-24.8925,144.2278,QLD,4731
AUS_SOLAR_REF_325,-30.9942351,118.7279387,WA,6423
AUS_SOLAR_REF_326,-34.52195882,139.509237,SA,5354
AUS_SOLAR_REF_327,-32.58529275,135.0485689,SA,5655
AUS_SOLAR_REF_328,-31.966754,151.080412,NSW,2337
AUS_SOLAR_REF_329,-25.535828,152.042802,QLD,4621
AUS_SOLAR_REF_330,-26.904889,114.627287,WA,6537
AUS_SOLAR_REF_331,-21.33763,149.059737,QLD,4740
AUS_SOLAR_REF_332,-37.567684,149.538907,VIC,3891
AUS_SOLAR_REF_333,-32.11807652,139.6153947,SA,5440
AUS_SOLAR_REF_334,-28.6615014,151.8743463,QLD,4380
AUS_SOLAR_REF_335,-37.449179,140.260783,SA,5280
AUS_SOLAR_REF_336,-27.79517514,135.5333868,SA,5723
AUS_SOLAR_REF_337,-26.248504,143.274156,QLD,4480
AUS_SOLAR_REF_338,-27.383801,149.525379,QLD,4423
AUS_SOLAR_REF_339,-20.867952,147.518462,QLD,4804
AUS_SOLAR_REF_340,-34.152477,139.12488,SA,5374
AUS_SOLAR_REF_341,-33.319068,120.349013,WA,6346
AUS_SOLAR_REF_342,-38.235475,141.437227,VIC,3305
AUS_SOLAR_REF_343,-30.115913,151.673028,NSW,2350
AUS_SOLAR_REF_344,-31.42558954,148.4918433,NSW,2828
AUS_SOLAR_REF_345,-13.643283,136.947051,NT,821
AUS_SOLAR_REF_346,-36.78137,144.457937,VIC,3551
AUS_SOLAR_REF_347,-34.998416,138.819125,SA,5242
AUS_SOLAR_REF_348,-26.7728,152.0973,QLD,4314
AUS_SOLAR_REF_349,-24.393618,150.458694,QLD,4715
AUS_SOLAR_REF_350,-30.01725943,136.0185883,SA,5720
AUS_SOLAR_REF_351,-24.146903,151.634285,QLD,4678
AUS_SOLAR_REF_352,-41.308785,147.702655,TAS,7263
AUS_SOLAR_REF_353,-24.33867148,148.6870871,QLD,4702
AUS_SOLAR_REF_354,-32.946154,115.903112,WA,6218
AUS_SOLAR_REF_355,-26.56412966,134.769553,SA,5734
AUS_SOLAR_REF_356,-30.413331,149.767538,NSW,2390
AUS_SOLAR_REF_357,-38.315452,146.414358,VIC,3842
AUS_SOLAR_REF_358,-17.520343,145.888782,QLD,4860
AUS_SOLAR_REF_359,-20.699288,117.067614,WA,6720
AUS_SOLAR_REF_360,-42.31694,147.48727,TAS,7120
AUS_SOLAR_REF_361,-34.196526,149.254163,NSW,2583
AUS_SOLAR_REF_362,-32.741737,151.543675,NSW,2320
AUS_SOLAR_REF_363,-23.4686864,131.6138326,WA,872
AUS_SOLAR_REF_364,-12.428017,130.873315,NT,804
AUS_SOLAR_REF_365,-38.178237,142.952372,VIC,3265
AUS_SOLAR_REF_366,-23.378941,150.512323,QLD,4701
AUS_SOLAR_REF_367,-27.03692819,151.5475694,QLD,4406
AUS_SOLAR_REF_368,-27.603479,152.823141,QLD,4001
AUS_SOLAR_REF_369,-27.99689395,139.0720696,SA,5733
AUS_SOLAR_REF_370,-31.949349,116.28143,WA,6073
AUS_SOLAR_REF_371,-31.184717,117.381055,WA,6485
AUS_SOLAR_REF_372,-35.931669,144.262942,VIC,3567
AUS_SOLAR_REF_373,-32.24224,148.657282,NSW,2830
AUS_SOLAR_REF_374,-34.487779,147.583811,NSW,2666
AUS_SOLAR_REF_375,-35.379935,148.383619,NSW,2720
AUS_SOLAR_REF_376,-32.844998,146.085138,NSW,2877
AUS_SOLAR_REF_377,-35.811358,137.541715,SA,5223
AUS_SOLAR_REF_378,-26.15513092,146.4317226,QLD,4470
AUS_SOLAR_REF_379,-30.50223813,150.9716354,NSW,2346
AUS_SOLAR_REF_380,-36.405771,143.810786,VIC,3520
AUS_SOLAR_REF_381,-33.44813394,150.2051736,NSW,2790
AUS_SOLAR_REF_382,-29.021683,116.120459,WA,6623
AUS_SOLAR_REF_383,-37.482132,143.662387,VIC,3352
AUS_SOLAR_REF_384,-32.212021,138.883978,SA,5431
AUS_SOLAR_REF_385,-38.118855,142.034141,VIC,3301
AUS_SOLAR_REF_386,-28.907675,153.427314,NSW,2477
AUS_SOLAR_REF_387,-35.356021,146.767674,NSW,2656
AUS_SOLAR_REF_388,-37.59554693,146.9492264,VIC,3860
AUS_SOLAR_REF_389,-33.783751,150.900547,NSW,2148
AUS_SOLAR_REF_390,-33.4173351,135.7111465,SA,5633
AUS_SOLAR_REF_391,-35.00329903,139.3309753,SA,5254
AUS_SOLAR_REF_392,-36.31227,142.968057,VIC,3480
AUS_SOLAR_REF_393,-32.366157,142.666608,NSW,2879
AUS_SOLAR_REF_394,-34.862038,148.796477,NSW,2582
AUS_SOLAR_REF_395,-30.766245,148.261265,NSW,2829
AUS_SOLAR_REF_396,-29.602251,124.856838,WA,6436
AUS_SOLAR_REF_397,-38.20363,143.892824,VIC,3241
AUS_SOLAR_REF_398,-18.752827,125.282055,WA,6765
AUS_SOLAR_REF_399,-25.189298,152.300968,QLD,4660
AUS_SOLAR_REF_400,-34.823141,137.544605,SA,5575
AUS_SOLAR_REF_401,-32.339759,140.027346,SA,5440
AUS_SOLAR_REF_402,-25.79287911,113.0535618,WA,6537
AUS_SOLAR_REF_403,-32.180856,138.1056,SA,5433
AUS_SOLAR_REF_404,-32.023679,118.806453,WA,6369
AUS_SOLAR_REF_405,-31.41005188,132.6529574,SA,5690
AUS_SOLAR_REF_406,-34.764484,149.286631,NSW,2581
AUS_SOLAR_REF_407,-27.316799,150.910979,QLD,4405
AUS_SOLAR_REF_408,-37.12975291,142.9948304,VIC,3377
AUS_SOLAR_REF_409,-28.802491,114.862505,WA,6530
AUS_SOLAR_REF_410,-20.2103,119.727488,WA,6723
AUS_SOLAR_REF_411,-28.4268064,152.7815971,NSW,2474
AUS_SOLAR_REF_412,-15.15786303,145.247184,QLD,4895
AUS_SOLAR_REF_413,-33.783955,148.90873,NSW,2793
AUS_SOLAR_REF_414,-33.455088,139.732545,SA,5417
AUS_SOLAR_REF_415,-33.60465982,138.2166319,SA,5555
AUS_SOLAR_REF_416,-34.147379,150.718007,NSW,2568
AUS_SOLAR_REF_417,-37.408371,141.687516,VIC,3315
AUS_SOLAR_REF_418,-22.536444,145.486391,QLD,4726
AUS_SOLAR_REF_419,-20.80936757,127.5009013,WA,6770
AUS_SOLAR_REF_420,-29.630052,151.162025,NSW,2360
AUS_SOLAR_REF_421,-36.343395,140.919727,SA,5269
AUS_SOLAR_REF_422,-35.405064,147.64961,NSW,2652
AUS_SOLAR_REF_423,-29.083319,151.999661,NSW,2372
AUS_SOLAR_REF_424,-27.68439,120.529798,WA,6437
AUS_SOLAR_REF_425,-36.168997,144.728806,VIC,3564
AUS_SOLAR_REF_426,-31.7112,136.4012,SA,5717
AUS_SOLAR_REF_427,-32.805438,116.413369,WA,6390
AUS_SOLAR_REF_428,-30.949795,120.898892,WA,6429
AUS_SOLAR_REF_429,-37.021478,143.611335,VIC,3465
AUS_SOLAR_REF_430,-33.035496,148.16819,NSW,2870
AUS_SOLAR_REF_431,-31.459208,116.419958,WA,6567
AUS_SOLAR_REF_432,-33.131383,118.510341,WA,6353
AUS_SOLAR_REF_433,-36.83390754,147.3656102,VIC,3699
AUS_SOLAR_REF_434,-34.06024,150.153221,NSW,2787
AUS_SOLAR_REF_435,-30.4801,116.8081,WA,6606
AUS_SOLAR_REF_436,-24.343546,128.656027,WA,872
AUS_SOLAR_REF_437,-33.971605,116.155378,WA,6255
AUS_SOLAR_REF_438,-31.145898,151.762627,NSW,2354
AUS_SOLAR_REF_439,-18.020178,145.842063,QLD,4854
AUS_SOLAR_REF_440,-41.397239,147.130185,TAS,7248
AUS_SOLAR_REF_441,-16.7627129,145.0229543,QLD,4871
AUS_SOLAR_REF_442,-19.787858,146.791529,QLD,4816
AUS_SOLAR_REF_443,-28.143515,149.606552,QLD,4494
AUS_SOLAR_REF_444,-35.59601,139.935161,SA,5261
AUS_SOLAR_REF_445,-26.81040958,153.0830469,QLD,4551
AUS_SOLAR_REF_446,-31.36460967,141.6786461,NSW,2880
AUS_SOLAR_REF_447,-31.439614,152.87253,NSW,2444
AUS_SOLAR_REF_448,-33.47186286,136.7575708,SA,5602
AUS_SOLAR_REF_449,-36.092132,142.446015,VIC,3391
AUS_SOLAR_REF_450,-33.352103,115.707383,WA,6229
AUS_SOLAR_REF_451,-39.140761,146.360412,VIC,3960
AUS_SOLAR_REF_452,-25.337998,152.78368,QLD,4655
AUS_SOLAR_REF_453,-36.873961,141.051389,VIC,3319
AUS_SOLAR_REF_454,-34.850669,140.114394,SA,5309
AUS_SOLAR_REF_455,-26.11557751,129.1527543,SA,872
AUS_SOLAR_REF_456,-34.095314,138.444457,SA,5461
AUS_SOLAR_REF_457,-35.773247,147.391271,NSW,2644
AUS_SOLAR_REF_458,-36.554037,146.82759,VIC,3737
AUS_SOLAR_REF_459,-36.093534,140.348707,SA,5267
AUS_SOLAR_REF_460,-29.98905156,153.1435857,NSW,2456
AUS_SOLAR_REF_461,-31.934883,147.30573,NSW,2825
AUS_SOLAR_REF_462,-36.404324,148.833511,NSW,2628
AUS_SOLAR_REF_463,-34.171024,115.233622,WA,6288
AUS_SOLAR_REF_464,-33.35257,116.204886,WA,6225
AUS_SOLAR_REF_465,-26.33662328,150.6022055,QLD,4413
AUS_SOLAR_REF_466,-35.114021,143.792594,VIC,3586
AUS_SOLAR_REF_467,-36.307936,145.46296,VIC,3633
AUS_SOLAR_REF_468,-26.156837,153.042307,QLD,4565
AUS_SOLAR_REF_469,-27.29940596,141.7722425,QLD,4492
AUS_SOLAR_REF_470,-28.706486,153.25943,NSW,2480
AUS_SOLAR_REF_471,-36.242443,145.957776,VIC,3727
AUS_SOLAR_REF_472,-27.373947,153.084784,QLD,4014
AUS_SOLAR_REF_473,-27.6728,121.628,WA,6905
AUS_SOLAR_REF_474,-37.758248,143.637463,VIC,3351
AUS_SOLAR_REF_475,-36.19508429,143.3240251,VIC,3527
AUS_SOLAR_REF_476,-37.651463,144.239102,VIC,3342
AUS_SOLAR_REF_477,-24.999569,150.213774,QLD,4719
AUS_SOLAR_REF_478,-29.338403,153.002402,NSW,2469
AUS_SOLAR_REF_479,-16.134853,123.753964,WA,6733
AUS_SOLAR_REF_480,-42.291313,145.807453,TAS,7466
AUS_SOLAR_REF_481,-30.92791089,138.8449395,SA,5730
AUS_SOLAR_REF_482,-35.534413,138.529512,SA,5211
AUS_SOLAR_REF_483,-32.280785,149.45909,NSW,2852
AUS_SOLAR_REF_484,-33.63340742,140.7677761,SA,5341
AUS_SOLAR_REF_485,-38.535802,142.908911,VIC,3268
AUS_SOLAR_REF_486,-15.2277,134.0832,NT,852
AUS_SOLAR_REF_487,-34.329424,143.491656,NSW,2715
AUS_SOLAR_REF_488,-35.366161,150.320507,NSW,2538
AUS_SOLAR_REF_489,-36.67769551,144.8712631,VIC,3559
AUS_SOLAR_REF_490,-28.941714,144.560358,QLD,4493
AUS_SOLAR_REF_491,-32.915604,147.603587,NSW,2875
AUS_SOLAR_REF_492,-29.474921,149.462148,NSW,2400
AUS_SOLAR_REF_493,-28.90783798,136.342062,SA,5723
AUS_SOLAR_REF_494,-22.28935188,148.068238,QLD,4721
AUS_SOLAR_REF_495,-23.154069,119.714082,WA,6753
AUS_SOLAR_REF_496,-29.958521,147.983033,NSW,2832
AUS_SOLAR_REF_497,-31.930574,115.871864,WA,6050
AUS_SOLAR_REF_498,-28.3323,153.383,NSW,2484
AUS_SOLAR_REF_499,-33.8645322,147.4605249,NSW,2671
